udelezenec,id_dogodek
omacqueen4,52
egooldingr,9
btillingb,29
amccalumn,22
bcateri,43
keveristp,39
skryszka7,16
skryszka7,40
cmottrama,26
meadyk,70
smcenhille,22
amccalumn,40
rlandells1,33
forknays,40
fhrishchenko8,10
dlynds0,11
omacqueen4,7
jsummersonf,2
jbleby9,57
bgaudon6,61
dlynds0,35
jsummersonf,17
smcenhille,39
bjacson3,67
forknays,54
rlandells1,29
bcateri,23
sfarge5,68
sgoodbairnm,70
apollendineo,6
amccalumn,58
rlandells1,67
jbleby9,65
cmottrama,46
omacqueen4,41
smcenhille,50
bsharriert,3
sfarge5,26
sgoodbairnm,11
skryszka7,58
dlynds0,18
amccalumn,35
meadyk,31
bsharriert,6
ogabbitusl,17
bgaudon6,44
fhrishchenko8,28
dlynds0,56
apollendineo,7
ochavezd,3
creddleq,21
ogabbitusl,36
meadyk,14
ochavezd,29
amccalumn,68
bjacson3,6
epotkinh,20
rlandells1,17
fhrishchenko8,35
skryszka7,39
omacqueen4,50
mnoorj,34
keveristp,61
btillingb,63
cdoerrling2,57
mnoorj,63
epotkinh,48
bsharriert,27
zburnsydec,47
bjacson3,9
ochavezd,63
epotkinh,44
bgaudon6,67
ochavezd,42
skryszka7,20
rlandells1,41
apollendineo,45
bgaudon6,7
bgaudon6,48
bjacson3,23
meadyk,51
jbleby9,25
bjacson3,36
bjacson3,69
zburnsydec,2
nruggsg,42
rlandells1,32
ochavezd,61
sgoodbairnm,14
jbleby9,13
cmottrama,35
apollendineo,44
meadyk,62
bjacson3,53
forknays,20
cmottrama,51
cdoerrling2,69
bgaudon6,17
