uporabnisko_ime,geslo,ime,priimek,spol,id_lokacija,datum_rojstva
dlynds0,3BwaNJwgfBk,Darlene,Lynds,Ženska,5,1961-11-07
rlandells1,VwhwYKBo,Rooney,Landells,Moški,12,2014-06-01
cdoerrling2,tH8p9T4J9mN,Chane,Doerrling,Moški,7,1975-06-29
bjacson3,gVC5qITO,Bartholomew,Jacson,Moški,2,1980-11-29
omacqueen4,40iDSEOA,Orville,MacQueen,Moški,10,1978-04-03
sfarge5,LOZSw05,Sofia,Farge,Ženska,22,1977-07-09
bgaudon6,CcRbpO,Brod,Gaudon,Moški,9,1952-01-20
skryszka7,F77hliV,Sukey,Kryszka,Ženska,21,1992-05-31
fhrishchenko8,kh6hJvMt,Free,Hrishchenko,Moški,5,1988-01-28
jbleby9,CwEcmAHY,Jase,Bleby,Moški,13,2010-07-14
cmottrama,vuGmAZ4mIIr,Cirilo,Mottram,Moški,27,1970-05-22
btillingb,V09FIiG4,Barnaby,Tilling,Moški,6,1964-06-04
zburnsydec,LPCuVo,Zarah,Burnsyde,Ženska,22,1946-04-24
ochavezd,s8tacimTs3N,Obadiah,Chavez,Moški,3,1991-02-22
smcenhille,qu1zbFeh,Sampson,McEnhill,Moški,30,1964-01-28
jsummersonf,8l1iMUmH,Janeen,Summerson,Ženska,25,1979-09-30
nruggsg,6mmcDe9,Nolly,Ruggs,Moški,6,1960-03-10
epotkinh,xYMKCwd,Ethelred,Potkin,Moški,16,1942-06-04
bcateri,tlCin4SvV6xh,Birgitta,Cater,Ženska,20,1992-08-01
mnoorj,QclncwfqM,Marjorie,Noor,Ženska,24,2005-12-08
meadyk,CrMopDHiEf,Micheline,Eady,Ženska,26,2001-06-08
ogabbitusl,WFzgfa,Osbert,Gabbitus,Moški,25,1974-02-18
sgoodbairnm,6ZbRAGmWW,Shalne,Goodbairn,Ženska,4,1967-04-01
amccalumn,MwrdPSL7UF6a,Annie,McCalum,Ženska,4,1983-05-04
apollendineo,KfFMBzGjkqUs,Aimee,Pollendine,Ženska,20,1988-04-03
keveristp,XVba6kHj5REv,Karlie,Everist,Ženska,13,1998-02-01
creddleq,RUzd61ZZx,Cybil,Reddle,Ženska,12,1964-01-14
egooldingr,f9r0XIb,Emmet,Goolding,Moški,30,1980-07-31
forknays,SmckQD,Florance,Orknay,Ženska,19,2013-09-27
bsharriert,9hchlX,Binky,Sharrier,Moški,27,1942-10-06
